Id;choice;type;target;value;extra
1;left;stat;resources;10;
1;left;stat;moral;-10;
1;right;stat;resources;-10;
1;right;stat;progress;5;
2;left;stat;resources;-10;
2;left;stat;moral;5;
2;right;stat;resources;5;
2;right;stat;moral;-10;
3;left;stat;resources;15;
3;left;stat;moral;-5;
3;right;stat;progress;10;
3;right;stat;resources;-10;
4;left;stat;resources;-15;
4;left;stat;security;15;
4;right;stat;resources;10;
4;right;stat;risk;2;
5;left;stat;resources;-10;
5;left;stat;moral;5;
5;right;stat;moral;-10;
5;right;stat;resources;5;
6;left;stat;resources;10;
6;left;stat;moral;-5;
6;right;stat;resources;-10;
6;right;stat;progress;10;
7;left;stat;resources;-15;
7;left;stat;security;10;
7;right;stat;resources;5;
7;right;stat;risk;1;
8;left;stat;security;5;
8;left;stat;moral;-10;
8;right;stat;resources;-15;
8;right;stat;progress;10;
9;left;stat;resources;-10;
9;left;stat;progress;5;
9;right;stat;risk;1;
9;right;stat;resources;5;
10;left;stat;security;10;
10;left;stat;resources;-10;
10;right;stat;resources;15;
10;right;stat;moral;-10;
11;left;stat;resources;-5;
11;left;stat;risk;-1;
11;right;stat;resources;5;
12;left;stat;security;10;
12;left;stat;resources;-5;
12;right;stat;resources;5;
12;right;stat;risk;1;
13;left;stat;progress;20;
13;left;stat;risk;1;
13;right;stat;resources;5;
13;right;stat;security;5;
14;left;stat;progress;10;
14;left;stat;risk;1;
14;right;stat;security;10;
15;left;stat;resources;15;
15;left;stat;security;-5;
15;right;stat;security;5;
16;left;stat;resources;-15;
16;left;stat;security;10;
16;right;stat;moral;-10;
17;left;stat;security;20;
17;left;stat;resources;-20;
17;right;stat;resources;-30;
17;right;stat;moral;15;
18;left;stat;progress;30;
18;left;stat;resources;-30;
18;right;stat;resources;10;
19;left;unlock;Prosperity Ending;;
19;right;unlock;Alien Relations +10;;
20;left;stat;moral;15;
20;left;stat;resources;-10;
20;right;stat;security;10;
20;right;stat;moral;-15;
21;left;stat;moral;20;
21;left;stat;resources;-10;
21;right;stat;resources;5;
21;right;stat;moral;-10;
22;left;stat;resources;-10;
22;left;stat;moral;10;
22;right;stat;security;5;
22;right;stat;moral;-10;
23;left;stat;progress;10;
23;left;stat;resources;-10;
23;right;stat;security;5;
23;right;stat;moral;-5;
2;left;stat;moral;15;
24;left;stat;resources;-5;
24;right;stat;resources;5;
24;right;stat;risk;1;
25;left;stat;morale;10;
25;left;stat;security;-5;
25;right;stat;security;10;
25;right;stat;morale;-10;
26;left;stat;progress;10;
26;left;stat;resources;-10;
26;right;stat;resources;10;
26;right;stat;moral;-5;
27;left;stat;resources;10;
27;left;stat;security;-10;
27;right;stat;security;15;
27;right;stat;moral;-5;
28;left;stat;resources;-20;
28;left;stat;progress;15;
28;right;stat;resources;10;
29;left;stat;resources;-20;
29;left;stat;moral;5;
29;right;stat;security;20;
29;right;stat;moral;-20;
30;left;stat;progress;25;
30;left;stat;moral;-10;
30;right;stat;moral;10;
31;left;stat;security;10;
31;left;stat;moral;-10;
31;right;stat;moral;10;
31;both;unlock;power_arc;1;
32;left;stat;security;20;
32;left;stat;moral;-15;
32;right;stat;moral;15;
32;right;stat;security;-10;
32;both;unlock;power_arc;2;
33;left;stat;resources;30;
33;left;stat;influence;20;
33;right;stat;security;15;
33;both;unlock;power_arc;3;
34;left;stat;moral;25;
34;left;stat;security;-15;
34;right;stat;resources;15;
34;both;unlock;power_arc;4;
35;left;unlock;Authoritarian Ending;;
35;right;stat;moral;10;
35;right;stat;security;-10;
35;right;unlock;Unrest chain;;
36;left;stat;progress;15;
36;left;stat;security;-5;
36;right;stat;security;10;
37;left;stat;security;20;
37;left;stat;resources;-15;
37;right;stat;resources;10;
38;left;stat;resources;-10;
38;left;stat;security;10;
38;right;stat;resources;5;
38;right;stat;risk;1;
39;left;stat;security;15;
39;left;stat;resources;-10;
39;right;stat;resources;5;
40;left;stat;security;10;
40;left;stat;moral;-10;
40;right;stat;moral;10;
40;right;stat;security;-10;
41;left;stat;security;15;
41;left;stat;resources;-10;
41;right;stat;resources;5;
41;right;stat;security;-10;
42;left;stat;progress;15;
42;left;stat;resources;-15;
42;right;stat;security;5;
43;left;stat;resources;20;
43;left;stat;moral;-10;
43;right;stat;moral;5;
43;right;stat;progress;-5;
44;left;stat;moral;10;
44;left;stat;progress;10;
44;right;stat;resources;5;
45;left;stat;progress;15;
45;left;stat;risk;1;
45;right;stat;security;10;
46;left;stat;progress;15;
46;left;stat;resources;-10;
46;right;stat;resources;5;
47;left;unlock;New Worlds +1 (chain);;
47;left;stat;progress;15;
48;left;stat;progress;30;
48;left;stat;securit;10;
49;left;stat;progress;15;
49;left;stat;security;-5;
49;right;stat;security;5;
50;left;stat;progress;15;
50;left;stat;influence;10;
50;right;stat;security;10;
51;left;stat;progress;20;
51;left;stat;influence;20;
51;left;stat;security;-15;
51;right;stat;security;10;
51;right;stat;influence;-10;
51;both;unlock;ai_arc;1;
52;left;stat;resources;20;
52;left;stat;security;-10;
52;left;stat;influence;15;
52;right;stat;security;10;
52;right;stat;progress;-5;
52;both;unlock;ai_arc;2;
53;left;stat;security;20;
53;right;stat;moral;-15;
53;both;unlock;ai_arc;3;
54;left;stat;security;-10;
54;left;stat;moral;10;
54;left;stat;influence;20;
54;right;stat;security;10;
54;right;stat;progress;-10;
54;both;unlock;ai_arc;4;
55;left;stat;resources;15;
55;left;stat;influence;25;
55;right;stat;security;20;
55;right;stat;resources;-15;
55;both;unlock;ai_arc;5;
56;left;stat;security;-10;
56;right;stat;security;30;
56;right;stat;progress;-30;
56;both;unlock;ai_arc;6;
56;left;stat;AI Ending;;
57;left;stat;progress;25;
57;right;stat;security;10;
57;both;unlock;alien_arc;1;
58;left;stat;influence;20;
58;left;stat;security;-10;
58;right;stat;security;10;
58;both;unlock;alien_arc;2;
59;left;stat;progress;20;
59;left;stat;moral;-10;
59;right;stat;security;15;
59;both;unlock;alien_arc;3;
60;left;stat;resources;30;
60;left;stat;risk;1;
60;right;stat;security;10;
60;both;unlock;alien_arc;4;
61;left;unlock;Alien Ending 1;;
61;left;stat;moral;20;
61;right;stat;security;15;
62;left;unlock;Escape Ending 2;;
62;right;stat;security;30;
62;right;stat;resources;-30;